LoadTime,IterationTime
11001.291857142854,12131.915952380954
11455.845550000002,12580.709499999997
