LoadTime,IterationTime
12687.085476190476,14130.798142857142
12309.2235,13714.9223
