LoadTime,IterationTime
9823.81938095238,11006.830904761906
9173.27265,10321.28995
