LoadTime,IterationTime
13223.438285714285,14667.954142857143
13798.6712,15205.2362
