LoadTime,IterationTime
14632.300333333329,16067.207952380953
12569.836200000002,13970.1479
