LoadTime,IterationTime
10643.485190476189,11818.768666666667
9756.58765,10897.0739
