LoadTime,IterationTime
229.29428571428573,788.641
0.5724499999999999,535.4244
