LoadTime,IterationTime
417.5005714285713,992.748476190476
432.22560000000004,939.6284500000002
408.92019999999997,950.1677500000002
420.7544500000001,959.6969999999999
