LoadTime,IterationTime
33.48047619047619,1072.425476190476
3.2019999999999995,989.12205
3.3627499999999997,998.6729999999998
3.3848,997.7294999999998
