LoadTime,IterationTime
83.15128571428572,84.11319047619045
54.03810000000001,54.74280000000001
50.80479999999999,51.6281
47.1555,47.204499999999996
