LoadTime,IterationTime
51.02333333333333,1107.2705238095236
3.4624,989.4137499999999
3.3532,999.9531999999999
3.45705,999.45805
