LoadTime,IterationTime
39.122238095238096,1089.9550952380953
3.3647000000000005,990.62565
3.38375,1000.8653999999999
3.5418999999999996,999.5270500000003
