LoadTime,IterationTime
25.90928571428571,1064.3733333333337
3.2701000000000002,995.0359500000001
3.2403500000000003,1001.02035
3.26715,994.0122500000001
