LoadTime,IterationTime
26.072523809523805,1041.1162857142856
3.33495,971.50785
3.4482,980.7354000000001
3.5561,990.6446
