LoadTime,IterationTime
1784.4764761904762,2125.075047619048
1920.7285000000004,1975.2234000000003
1891.6585499999994,1941.6189
1914.1691000000003,1968.7459500000004
