LoadTime,IterationTime
1743.300285714285,2193.5883333333336
1728.4347500000003,2087.5570000000002
1662.3911500000002,2026.4751500000002
1598.12545,1963.1408500000002
