LoadTime,IterationTime
1581.290095238095,2072.004142857143
1753.3346999999999,2068.6391500000004
1422.3524,2137.8945000000003
1329.28755,2014.4199
