LoadTime,IterationTime
1685.1456190476192,2141.805380952381
1853.7857,1956.5303000000004
1865.7637499999996,1916.2746000000002
1913.28,1965.9875
