LoadTime,IterationTime
1890.072333333333,2076.0368571428567
1927.8534,1983.5953500000003
1886.6763499999997,1939.2707499999997
1917.6219000000006,1969.3593500000002
