LoadTime,IterationTime
1670.2381904761905,2124.4860952380955
1617.7556000000004,1982.6192999999998
1561.1189,1929.17435
1579.37255,1945.0444000000002
