LoadTime,IterationTime
1598.3382380952378,2150.1241428571425
1783.5610000000001,1906.9319500000001
1867.2282500000001,1990.4829500000003
1813.5387000000003,2065.31315
