LoadTime,IterationTime
1602.940857142857,2226.732571428571
1438.5153,2145.3
1302.3416,2004.0184000000002
1807.24035,1976.82815
