LoadTime,IterationTime
1607.8754761904763,2351.2109047619047
1277.9996999999998,1931.2302
1837.9741999999999,1977.7165500000003
1860.8403999999998,1987.8498499999998
