LoadTime,IterationTime
1722.8269523809522,2090.4374761904755
1840.64015,1964.1509999999994
1836.1399000000001,2075.7216999999996
1508.72205,2220.40665
