LoadTime,IterationTime
1535.7799047619046,2291.3043333333335
1245.96805,1942.3982499999995
1785.6013499999997,2009.9343999999996
1527.3041999999998,2243.8529
