LoadTime,IterationTime
1722.3175714285715,2168.568380952381
1723.0569,2090.1078499999994
1632.14365,1994.53475
1646.3359500000001,2013.7158
