LoadTime,IterationTime
14642.378476190475,16080.676047619045
14407.6592,15813.349400000001
