LoadTime,IterationTime
12972.329666666667,14411.081190476194
13691.749249999999,15098.563249999997
