LoadTime,IterationTime
10473.790809523807,11653.809666666664
9465.276600000001,10618.083
