LoadTime,IterationTime
16681.069285714282,18114.542047619045
14085.920150000002,15493.5143
