LoadTime,IterationTime
11628.645285714285,12781.372285714284
11349.240450000001,12481.168999999998
