LoadTime,IterationTime
9274.91585714286,10457.65504761905
11346.979150000001,12491.785800000001
