LoadTime,IterationTime
36.91942857142856,1092.7717619047621
3.4528999999999996,993.0527500000001
3.4245000000000005,1002.4111
3.5665,996.9439500000004
