LoadTime,IterationTime
29.745666666666665,1085.0245714285713
3.4421,994.3634999999998
3.4369,1003.6170500000001
3.5514500000000004,996.2888500000003
