LoadTime,IterationTime
304.2775238095238,990.5402857142858
309.28260000000006,944.1606499999998
294.6692999999999,954.66065
286.94829999999996,965.4012
