LoadTime,IterationTime
18.197666666666674,1053.7954761904762
3.301049999999999,999.9046499999998
3.2535500000000006,1000.94235
3.3333500000000003,992.0860499999999
