LoadTime,IterationTime
25.08742857142856,1048.4082857142855
3.353499999999999,978.5908999999999
3.30065,987.9965499999998
3.5092999999999988,996.1911999999999
