LoadTime,IterationTime
28.905047619047618,1066.3738095238095
3.3462999999999994,992.9087999999999
3.2562999999999995,1002.3811
3.4109499999999997,996.5196
