LoadTime,IterationTime
310.9960476190476,1017.734238095238
300.0299999999999,969.3934499999999
326.11965000000004,978.0536
303.3991,987.5938999999998
