LoadTime,IterationTime
26.22823809523809,1069.308857142857
3.2180500000000003,999.3960500000001
3.2783,996.70735
3.48295,991.87135
