LoadTime,IterationTime
34.866857142857135,1076.1064285714285
3.495,993.8199000000001
3.3287,1003.6841000000001
3.4192500000000003,997.1630499999999
