LoadTime,IterationTime
26.7747619047619,1058.6867142857143
3.5764999999999993,994.6831499999998
3.4012000000000002,1002.3614499999998
3.487299999999999,995.1890499999997
