LoadTime,IterationTime
41.69095238095237,1086.5911904761904
3.3736000000000006,992.3009500000001
3.25955,1002.5251000000002
3.2748,997.8108500000001
