LoadTime,IterationTime
54.7305238095238,1110.8664761904763
3.3427,992.0824
3.46675,1002.2521499999999
3.4273500000000006,996.4014500000003
