LoadTime,IterationTime
32.647619047619045,1590.962
2.3401000000000005,1578.4012
