LoadTime,IterationTime
369.3738571428572,1900.2275714285715
381.87325,1941.6320500000002
