LoadTime,IterationTime
31.946380952380952,1580.4556666666667
2.26255,1579.39475
