LoadTime,IterationTime
105.45342857142857,105.46347619047617
78.13829999999999,78.14989999999999
