LoadTime,IterationTime
28.029666666666667,1213.0170476190476
2.295,1194.5858999999998
