LoadTime,IterationTime
265.0258095238095,265.0381428571428
225.89274999999998,225.90589999999997
