LoadTime,IterationTime
361.87071428571426,1468.2948571428572
319.80584999999996,1440.7161999999998
