LoadTime,IterationTime
27.199857142857134,1288.6957142857145
2.2020499999999994,1256.2026499999997
